Week,Promotion1,Promotion2,Promotion3,Promotion4,Promotion5,Promotion6,Promotion7,Price1,Price2,Price3,Price4,Price5,Price6,Price7
1,0,0,0,0,0,0,0,0.913804552,0.88455229,1.778123292,0.891331181,1.579051359,3.401774739,0.813336508
2,0,0,0,0,0,0,0,0.753282772,0.75,1.774949062,0.888934895,1.575336182,3.399962436,0.811435411
3,0,0,0,0,0,0,0,0.753156874,0.88301501,1.772640104,0.777794206,1.57400055,3.397683585,0.810367311
4,0,0,0,0.229854529,1,0,1,0.918930104,0.75,1.774979869,0.777612526,1.437509137,3.397284042,0.686467557
5,1,0,0,0,1,0,0,0.69,0.883008022,1.766870037,0.888277166,1.43422161,3.389411314,0.811198095
6,0,0,0,1,0,0,0,0.920426157,0.889399195,1.771995481,0.757304058,1.437661843,3.397876985,0.816245365
7,0,0,0,0.230890763,0,0,0,0.919857211,0.887852121,1.771916795,0.757195701,1.572762665,3.395601032,0.804226714
8,0,0,0,1,0,0,0,0.75,0.890519114,1.771604537,0.75725359,1.572683182,3.396162292,0.807991807
9,0,0,0,0,0,0,0,0.917023859,0.887810569,1.770944661,0.891700598,1.571772594,3.392756273,0.803745061
10,0,0,0,0.227666952,0,0,1,0.914852944,0.884012434,1.774430242,0.860702758,1.574347701,3.397409789,0.741393867
11,0,0,0,0,0,0,0.670145099,0.778599386,0.886075077,1.773005755,0.862782913,1.572622197,3.398244899,0.743532434
12,0,1,0,0.230678172,0,0,1,0.913714835,0.68654293,1.769101993,0.861491854,1.413595704,3.392728318,0.743253939
13,0,0,0,0.231798386,1,0,1,0.839178164,0.883546059,1.771667963,0.860634122,1.414110199,3.397878106,0.742406139
14,0.790825684,0,0,0,0,0,0.351814984,0.838769334,0.883700897,1.771756108,0.860949567,1.414221882,3.39787073,0.741877064
15,0.209362123,0,0,0,0,0,0,0.842239556,0.888723467,1.771826146,0.864420268,1.572851388,3.39871077,0.803942235
16,0.767195867,0,0,0.226122875,0,0,0,0.842419692,0.887245517,1.769166528,0.864682289,1.570445166,3.393809292,0.8044957
17,0,0,0,0.258784112,0,0,0,0.75,0.882358539,1.767139718,0.854252364,1.568950689,3.389101482,0.799470672
18,0,0,0,0,0,0,1,0.91145382,0.881106229,1.77037199,0.886636553,1.571764599,3.394043549,0.49
19,0,0.69496744,0,0,0,0,0,0.915560448,0.780374511,1.769341189,0.69,1.570319147,3.395200938,0.801767552
20,0,0.695472091,0,0,0,0,0,0.916919462,0.780012349,1.771180791,0.69,1.572241015,3.395181655,0.731927746
21,0,0.694379506,0,0.770686633,0,0,0.647139789,0.907625596,0.779715128,1.77047817,0.69,1.501391942,3.393055128,0.727934341
22,0,0,0,0,0,0,1,0.913716335,0.887054125,1.771966967,0.771600476,1.502666653,3.396367294,0.730479435
23,0,0,0,0,0,0,1,0.90972986,0.883736202,1.770699734,0.888777948,1.501438002,3.394359588,0.729040521
24,0,0,0,0,1,0,0.343941261,0.906251844,0.777144708,1.768109334,0.88633588,1.39,3.391485865,0.728656333
25,0,0,1,0,1,1,0,0.59,0.885744525,1.59,0.890993257,1.39,3.273007713,0.730067388
26,0.215105583,0,0.775340514,0.771135656,1,1,0,0.59,0.883411084,1.59,0.59,1.39,3.271194373,0.729161023
27,0.208680754,0,0.775920939,1,1,0,1,0.69,0.887822817,1.59,0.59,1.370879054,3.394509198,0.731028986
28,0,0,0.774088466,0,1,0,1,0.69,0.885324325,1.611358766,0.892567998,1.370401975,3.392345757,0.685577667
29,0,1,0,0,1,0,0,0.908831588,0.665454178,1.611397124,0.895773176,1.371013234,3.394070042,0.685699631
30,0.225238278,0.303511008,1,0,1,0,0,0.778599861,0.666666667,1.611099376,0.89199276,1.369914241,3.391463057,0.801069901
31,1,0.696430632,1,0.230716568,1,0,0,0.778869623,0.666666667,1.611453654,0.779172286,1.370731274,3.19,0.806040692
32,0.220594768,1,0.220450666,0.770901358,0,0,1,0.68494075,0.666666667,1.607220656,0.77859098,1.490668185,3.19,0.685188802
33,1,0,0,0.232087216,0,0,0,0.683372962,0.876328762,1.764459982,0.778075271,1.496209434,3.379894087,0.792695346
34,0,0,0,0,0,0,0,0.895435005,0.877008189,1.766042256,0.777847636,1.497769813,3.380185834,0.790790915
35,1,0,0,0.772695247,0,0,0,0.687365201,0.707950841,1.767791204,0.777972516,1.39,3.380774631,0.791238462
36,1,0,0,0,0,0,0,0.686422528,0.701642621,1.769341407,0.777441267,1.39,3.385112427,0.792068563
37,1,0.332873722,0,0,0,0,0,0.695100269,0.703202333,1.771175474,0.895395351,1.501909108,3.394556215,0.805241602
38,1,0.694217979,0,0,0,0,0,0.695459339,0.707885059,1.771699252,0.897808755,1.502423917,3.396066919,0.80783544
39,0,0,0,0,0,0,0,0.907065108,0.887534237,1.77237121,0.895220556,1.503259279,3.397505837,0.685593538
40,0,1,0,0,0,0,0,0.9071006,0.84422896,1.770296812,0.69,1.39,3.392232292,0.801060386
41,0.767145432,0.693742642,0,0,0,0,0,0.77959682,0.844910711,1.771896377,0.897613332,1.39,3.395528344,0.803818097
42,0.765512585,0.308796795,0,0,0,0,0,0.779592825,0.845300644,1.77210868,0.898223111,1.39,3.394739206,0.807516425
43,0,1,0,0.232995645,1,1,0,0.90738463,0.843003268,1.772515301,0.59,1.39,3.265599726,0.803147732
44,0,0.308341846,0,0,0,1,0,0.911805478,0.845376721,1.772087059,0.898327058,1.502928219,3.264758541,0.74158985
45,0.231965015,0.306120492,0,0,0,0,0,0.779068522,0.847165958,1.772414959,0.89990208,1.50322321,3.264733342,0.743205727
46,0,0.692459513,0,0,0,1,0,0.778980263,0.846813163,1.77277344,0.899650915,1.503348565,3.264800451,0.685874952
47,0,0.695525035,0,0,0,1,0,0.778880772,0.843866142,1.767582765,0.894768561,1.499752449,3.257985134,0.685685388
48,0.769144765,0,0.224691394,0,0,0,0,0.665058037,0.889966209,1.611955301,0.896955678,1.501798918,3.392489649,0.685799052
49,0.765053711,1,0.77599283,0,0,0,0,0.665687712,0.778785179,1.611538949,0.898288757,1.500918057,3.19,0.808564057
50,1,0,1,0.767863394,1,1,0,0.663492023,0.888213096,1.612255262,0.69,1.29,3.19,0.806239902
51,1,0,1,1,1,0,0,0.69,0.894390335,1.612090919,0.69,1.29,3.19,0.8148088
52,0.765547061,0.308449923,0.770244471,0.232731528,1,1,0,0.91357398,0.666666667,1.611207436,0.69,1.29,3.19,0.811275994
53,0,1,0,0,0,0,0.641838625,0.913412731,0.666666667,1.771006143,0.899008603,1.501900718,3.39255458,0.682654549
54,0.233346817,1,0,0,0,0,0.352594543,0.778896466,0.666666667,1.771213797,0.900968106,1.50216994,3.391886066,0.686073531
55,0.767386841,1,0,0,1,0,0,0.779416992,0.666666667,1.77042266,0.903849207,1.371068207,3.392322413,0.815010066
56,0,0,0,0.23184587,1,0,0,0.914423899,0.89120896,1.769519724,0.779039113,1.370681845,3.388200781,0.811844268
57,0,0,0.258235867,0.232865264,0,0,0,0.914916371,0.893548486,1.69,0.779015696,1.371966305,3.3952835,0.814598449
58,1,0.591103785,1,0,1,0,0,0.687161052,0.720901628,1.69,0.779136116,1.371244751,3.393688125,0.811095239
59,0.233928465,0.303817887,0.851143058,0,0,0,0.359598348,0.69,0.721503906,1.69,0.902041751,1.502971832,3.393666839,0.684864315
60,0.766799585,1,0.13949396,0,1,0,0,0.69,0.71887904,1.69,0.901342204,1.39,3.394596187,0.813708786
61,0,0.6906068,0,0,1,0,0,0.916476062,0.724719012,1.738467468,0.903704836,1.39,3.402701819,0.815823709
62,0,0,0,0,1,0,0,0.912980156,0.892261462,1.733221253,0.900749118,1.39,3.400136665,0.812617346
63,0,0,0,0,0,0,0,0.915058045,0.894144619,1.756009858,0.90262583,1.39,3.401881638,0.814365289
64,0,0,0,0,0,0,0,0.898685246,0.893623795,1.739081718,0.902213447,1.39,3.40443154,0.813864895
65,0,0,0,0,1,0,0,0.898586202,0.893540492,1.739572734,0.902153213,1.39,3.395845383,0.813670898
66,0,0,0,0,1,0,0,0.899461339,0.894485787,1.743364998,0.902926611,1.39,3.364779295,0.809846939
67,0,0,0,0,0,0,0,0.897206637,0.892546732,1.789057185,0.900977274,1.39,3.349400919,0.807202911
68,0,0,0,0,1,0,0,0.901145152,0.896372051,1.744921522,0.905244738,1.39,3.339396805,0.794409038
69,0,0,0,0,1,0,0.628538156,0.897966599,0.893190153,1.774632242,0.901988584,1.39,3.34082274,0.790485032
70,0,0,0,0,0,0,0,0.898883478,0.893758634,1.784595525,0.901835838,1.508137231,3.369584211,0.794096967
71,0.23319801,0.279561775,0,0,0,0,0,0.779001228,0.793215094,1.74120939,0.902537447,1.506067239,3.353160368,0.7951406
72,0.766876741,0.896824463,0,0,0,0,0,0.59,0.792722359,1.775646622,0.902144828,1.50644598,3.364679207,0.802161257
73,0,0.276589391,0,0,0,0,0,0.899009703,0.793166983,1.71,0.902542148,1.505864697,3.329217905,0.800547845
74,0.232297742,0.089888033,0,0,1,0,0,0.4349303,0.894485787,1.71,0.902926611,1.39,3.396506765,0.801045664
75,1,0,0,0,0,0,1,0.902641563,0.898329789,1.785986455,0.906733151,1.39,3.412890554,0.49
76,0,0.35685616,0,0,1,0,0,0.90115592,0.29,1.782892494,0.904109072,1.39,3.40757254,0.800395671
77,0,0,0,0.768636698,1,0,0,0.90115592,0.895749836,1.780120537,0.59,1.39,3.409939483,0.798609697
78,0,0,0,0,0,0,0,0.899065046,0.893993397,1.778829112,0.90256006,1.506122058,3.407704909,0.796441575
79,0.230527967,1,0,0,0,0,0,0.905113155,0.661165099,1.781195919,0.908469043,1.508012047,3.413328304,0.800826006
80,1,0.785778915,0,0,0,0,0,0.686373389,0.666666667,1.777212337,0.899601376,1.50467881,3.412178878,0.794073567
81,0.767391133,0,1,0.231467057,0,0,0,0.69,0.892145561,1.59,0.902596717,1.506024248,3.413665294,0.796533989
82,0,0.081045495,1,0,0,0,0,0.901915185,0.902176687,1.59,0.823901489,1.490481769,3.412359734,0.798839043
83,0.769637749,0,0,0,0,0,0.582407789,0.903041043,0.914044161,1.775868917,0.825792245,1.505684978,3.412362053,0.720233587
84,0,0,0,0.231467057,0,0,0.736289885,0.903902208,0.914439594,1.776280258,0.724157467,1.506024248,3.407920352,0.720637348
85,1,0,0,0.231207063,1,0,0.617704424,0.780462441,0.915676132,1.775038049,0.724395609,1.442406432,3.410555578,0.799170686
86,0.766032574,0,0.779659859,0.236714797,0,0,0,0.78037036,0.915179593,1.651775034,0.784816209,1.442631192,3.415594602,0.80366389
87,0,1,1,0.232515347,0,0,0.126278878,0.779774851,0.69,1.650905326,0.781796973,1.442437584,3.408398377,0.800492802
88,0,0.929137474,1,0.231447977,0,0,0,0.898719275,0.69,1.651617312,0.789980656,1.506835875,3.411513131,0.802362181
89,0,0,1,0.769123352,0,0,0,0.893414721,0.834344349,1.649110471,0.78845667,1.501760476,3.399620224,0.797433623
90,0,0.146460785,1,0,0,0,0,0.898970756,0.836360481,1.650702092,0.791414629,1.504765384,3.408528272,0.802398304
91,0,0,0,0,0,0,0,0.765718823,0.834356181,1.774241834,0.789913612,1.504714523,3.408209106,0.676207668
92,0.767702258,0,0,0,1,0,0,0.767118584,0.837605462,1.775038049,0.829621554,1.368862014,3.409575611,0.679633239
93,0,0,0,0.175736464,0.779589147,0,0,0.639269206,0.824931033,1.774629614,0.751009893,1.368748487,3.407836547,0.677690832
94,0.180787693,0.147192866,0,0.764574718,0.780398899,0,0,0.642533497,0.771265814,1.775038049,0.753102187,1.368862014,3.408888199,0.679633239
95,0.769519644,0.113795162,0,0,0,0,0,0.64856815,0.772848804,1.775536036,0.829227131,1.369264338,3.408877373,0.655778944
96,0,0,0,0.177994511,0,0,0.765337541,0.764794965,0.831974691,1.773479145,0.822023658,1.504206776,3.407429657,0.529873828
97,0,0,0,0.583710731,0,0,0.263741312,0.758860631,0.83209919,1.772100413,0.751300726,1.502537125,3.397657062,0.534169671
98,0,0,0,0.178601284,0,0,0,0.7635889,0.83209919,1.772100413,0.753480459,1.518989207,3.39810932,0.676262749
99,0.179855341,0,0,0,0,0,0,0.763267641,0.80679077,1.77909149,0.7818937,1.520666707,3.396082116,0.642147745
100,0,0.751630875,0,0.764574718,0,0,0.005420366,0.774938539,0.69,1.781309245,0.782649724,1.522708175,3.397573223,0.643422059
101,0,0.624737353,0,0.579578463,0,0,0,0.829370078,0.690010911,1.767345203,0.785136195,1.519860793,3.37691798,0.682382873
102,0.180168242,0.113033751,0.179394548,0,0,0.73662587,0,0.829662126,0.69657925,1.653775259,0.840772607,1.510595931,3.239226788,0.68224411
103,0,0.744808075,0,0,0,0.741356828,0,0.836395813,0.69,1.659021964,0.844442382,1.513069765,3.243506929,0.684695662
104,0.583556985,0.740427182,0.76651312,0,0,0,0,0.68646713,0.694662301,1.644421354,0.830777103,1.511544681,3.243507811,0.807878898
105,0,0,0.771890976,0,0,0.74360185,0,0.822302712,0.831224336,1.5,0.785095217,1.509331354,3.23998662,0.803371547
106,0.621081925,0.012012276,0.597623455,0,0,0.570777648,0,0.743049263,0.804579376,1.522454112,0.771212565,1.509986367,3.256443139,0.779413648
107,0,0.741204641,0,0.865865717,0,0,0,0.833994778,0.741767545,1.777395479,0.728324691,1.510717783,3.39847307,0.780932542
108,0,0.860699142,0,0.73384264,0,0,0,0.832630212,0.741422237,1.778312068,0.731358292,1.511166795,3.401033391,0.779369988
109,0,0.86507324,0.019479702,0,0.017342199,0,0.040985088,0.829629239,0.725439411,1.709711594,0.785340643,1.50587025,3.41708241,0.815033351
110,0.004618757,0.479056756,0.524343513,0,0,0,0.26423694,0.788777217,0.678669564,1.5,0.782017427,1.48551618,3.416391573,0.808049481
111,0.926402426,0.886700305,0.849832184,0,0.966067198,0,0.259062514,0.686138391,0.678465811,1.5,0.779717592,1.374776971,3.414484016,0.808768395
112,0.927471633,0.45015293,0.390353771,0,0.966405792,0.022821047,0,0.695360784,0.677998134,1.5,0.782017427,1.382540394,3.389962142,0.823759975
113,0,0.980979527,0.980461333,0.006717928,0.017705471,0.943165382,0.005981916,0.830203444,0.589038994,1.5003756,0.767142263,1.477239726,3.288027594,0.812214881
114,0.004664116,0,0.9577752,0.847383884,0.979296118,0.911452864,0.426560214,0.801384797,0.828828392,1.521281673,0.726417227,1.37317125,3.301992991,0.801961608
115,0.483488868,0,0,0.846066024,0.979664021,0,0.838494179,0.686173906,0.829271059,1.780599837,0.730700856,1.374695819,3.41782077,0.800790157
116,0.481168562,0.005526991,0,0,0.962561148,0,0.256549365,0.686213473,0.796153677,1.778885023,0.782249254,1.387545306,3.413399503,0.80737147
117,0.481168562,0.408804874,0.02392235,0.441346042,0.017258101,0.035102806,0.584317354,0.686213473,0.741519842,1.752474497,0.782249254,1.480742109,3.372009855,0.823319959
118,0.93209039,0.773052789,0.946841953,0,0.98355611,0.93959136,0.004974317,0.686283318,0.745809742,1.64429761,0.739673458,1.373342275,3.19183426,0.826535777
119,0.464898961,0,0.815931717,0.414158113,0.983173008,0.369274909,0,0.691579586,0.83028495,1.641227648,0.651794052,1.372252366,3.194897532,0.827658566
120,0.004618757,0,0.946549801,0.297645794,0.966405792,0.911506431,0,0.812523057,0.832984789,1.643786455,0.651765147,1.393459085,3.233378281,0.826535777
121,0.447054238,0,0.494132587,0.301100028,0,0,0.422449793,0.768202775,0.83136316,1.643331562,0.65178566,1.509817109,3.414363549,0.825283622
122,0.893320984,0.334715482,0.945167915,0.862058579,0,0,0,0.772296334,0.769894529,1.64137083,0.651815317,1.50824552,3.411005395,0.823152601
123,0,0.861002137,0.356196205,0.424851534,0,0,0.13782837,0.836806041,0.772573194,1.645128998,0.651640584,1.510717783,3.417698368,0.815532008
124,0,0,0.929551548,0.301285145,0,0,0,0.837565602,0.834568553,1.659251067,0.652812678,1.51179955,3.419078744,0.828980433
125,0,0,0,0.810922162,0,0,0,0.837313446,0.834491082,1.7799195,0.665533873,1.505881619,3.416033375,0.828123997
126,0,0,0,0.356454945,0.036326023,0,0,0.836274019,0.832817268,1.778505247,0.665199181,1.475762248,3.412945144,0.82976466
127,0,0,0.035043992,0.935012359,0.33619388,0.031188196,0,0.832218287,0.834686268,1.764070255,0.656696694,1.420997515,3.41053992,0.828054601
128,0.112967885,0,0.981163098,0.011396148,0.351910187,0.975183888,0.000423538,0.816773539,0.83351126,1.672700601,0.766106613,1.420758269,3.379060042,0.824121001
129,0.578443306,0,0.505589281,0,0.951427993,0.37464569,0.028635211,0.818688795,0.831652749,1.678675707,0.576082194,1.42038828,3.37596827,0.694269114
130,0.027523667,0.104558136,0.029421469,0,0.951427993,0.034818028,0.404341957,0.834805868,0.820812863,1.759121223,0.761245527,1.42038828,3.406309957,0.652623258
131,0.038468653,0.963802646,0.370956879,0.022501013,0.951427993,0.975316601,0.404765495,0.722669639,0.393378447,1.640825838,0.655685099,1.42038828,3.373589696,0.670992191
132,0.853942772,0,0.821374942,0.985769406,0.950046465,0.974526373,0.399066464,0.5,0.818363775,1.642999071,0.498314797,1.421554166,3.338626583,0.725377461
133,0.979399695,0,0.821802305,0.97421205,0.360015305,0.423245468,0,0.515821929,0.82445771,1.647494247,0.5,1.412513431,2.99,0.822940225
134,0.57059781,0,0,0.974586632,0.983731883,0.975218694,0,0.836696388,0.82711223,1.778124484,0.515124539,1.36879816,2.99,0.823719716
135,0.440256259,0,0.008200009,0,0.398972995,0.975133154,0,0.835703753,0.777382425,1.763296454,0.779699051,1.375080808,2.99,0.82265241
136,0.443375492,0.951771659,0.526485761,0,0,0.418653113,0.579421077,0.836436652,0.647313613,1.672083887,0.780961559,1.509146082,3.000836291,0.788249288
137,0.443375492,0.506184149,0.549377578,0,0,0,0.905527477,0.82801443,0.647216104,1.672083887,0.766576198,1.509146082,3.411876294,0.770565454
138,0,0.881055222,0.426620074,0,0,0,0.332263157,0.759834328,0.649007611,1.672083887,0.715857864,1.508540756,3.412666505,0.775374464
139,0.411983548,0,1,0.001751325,0,0.009605324,0,0.65486399,0.809321694,1.672948508,0.700517815,1.510526732,3.383691843,0.821644867
140,0.972476334,0.99855961,1,0.423773518,0,0.444965073,0,0.654817107,0.741664554,1.672083887,0.643589735,1.509146082,3.211420918,0.823719716
141,0.972476334,0.537551732,0.558387799,0.973786863,0,1,0,0.654817107,0.741664554,1.672083887,0.643589735,1.509146082,3.212180585,0.823719716
142,0.966576309,0.998885934,1,0.555407978,0,1,0.009941197,0.655625056,0.743708587,1.672419835,0.644003244,1.473025032,3.212047818,0.804271489
143,0.966498049,0.112237748,1,0.55388149,0.424784914,1,0.349311274,0.659089772,0.813277894,1.673299697,0.644064285,1.29,3.228110181,0.79321197
144,0,1,0.453713773,0.428284336,0.433115096,0,0.339693007,0.786901769,0.741126955,1.66786132,0.643305018,1.29,3.399739093,0.79692903
145,0,0.919809435,0.461409829,0.85421513,0.446691401,0,0.357105197,0.786967412,0.74371618,1.671622657,0.643840406,1.29,3.409430406,0.781425356
146,0.413658895,0.914964945,1,0.969209748,0.419391785,0,0.341760567,0.7404334,0.745337725,1.671699865,0.647218633,1.29,3.412445207,0.766200113
147,0.535747761,0.038235124,0,0.012056335,0.430310386,0,0.338646894,0.743465378,0.830706472,1.775680458,0.698545361,1.297266758,3.408164883,0.767678568
148,0,0.029869317,0,0.446163423,0,0,0.344454055,0.78811317,0.832188027,1.776167556,0.643764427,1.509278678,3.407899979,0.7649666
149,0,0.480363024,0,0.853468419,0,0,0.337891983,0.78814611,0.834921075,1.77793303,0.636406661,1.509402499,3.414243453,0.767997757
150,0,0.480552332,0,0.576242156,0,0,0.336474967,0.787849112,0.832601307,1.780809895,0.592716468,1.509976241,3.418210804,0.768626499
151,0.970740715,0.026558421,0,1,0,0,0.337166445,0.6632883,0.819738498,1.779769806,0.592711241,1.509875077,3.417133384,0.768308635
152,0.971184218,1,0,0.449986655,0,0,0.332263157,0.6770017,0.659767666,1.778720199,0.592637279,1.509309905,3.416039183,0.770565454
153,0,0.004035426,0,0.457063886,0,0,0.338271066,0.784117305,0.796645278,1.77944859,0.592709444,1.509565997,3.417046229,0.767707066
154,0,0.089872373,0,1,0,0,0.332263157,0.804083748,0.796028864,1.778720199,0.592744844,1.509146082,3.412541717,0.770565454
155,0.125955126,0.004013701,0,1,0,0,0.335711899,0.80368796,0.796454256,1.778720717,0.592721382,1.509530966,3.413731131,0.776780045
156,0.436852311,0.003977682,0,0.457720868,0,0,0,0.802842721,0.796358645,1.77791223,0.592706158,1.509520934,3.411503977,0.821138135
157,0,0.478151309,0.012805468,0.885181393,0,0,0,0.802153151,0.592630195,1.762709748,0.605338545,1.5097956,3.414784974,0.818037961
158,1,0.547643521,1,0.434650907,0,0,0,0.588991603,0.59268833,1.685759901,0.714865489,1.509222142,3.412131416,0.820632999
159,0.011909695,0.915337784,0.997574458,0,0,0,0,0.804004547,0.605005663,1.687582976,0.713401984,1.508387405,3.410947804,0.821015299
160,0,0,0,0.574899556,0,0,0.33013523,0.800669888,0.797016429,1.776539762,0.592724642,1.507730412,3.412145275,0.821961158
161,0,1,0,0.420303138,0,0,0,0.803330188,0.59,1.776213749,0.713446093,1.507512538,3.410777129,0.821961158
162,0,0,0,0,0,0,0.33013523,0.803976469,0.795777034,1.776302362,0.713446093,1.507730412,3.410212881,0.769248934
163,0,0.384623738,0,0.421527462,0,0,0,0.804094781,0.796467781,1.776784892,0.713665535,1.508131567,3.412609191,0.821005547
164,1,0.83492267,0,0.119722472,0,0,0,0.59,0.795948914,1.776302362,0.713446093,1.507730412,3.411084285,0.821749518
165,1,0.382580789,0,0,0,0,0,0.637729626,0.796423066,1.776302362,0.713446093,1.507730412,3.403083092,0.821961158
166,0,0.380406373,0,0,0,0.974656898,0,0.803855292,0.796501147,1.777146332,0.713446093,1.507512538,3.348634109,0.821961158
167,0,0,0.005391879,0,0,0.97484292,0,0.803976469,0.796694429,1.763942821,0.713446093,1.507730412,3.352253744,0.821961158
168,0,0.358876515,1,0,0,0,0,0.803500843,0.796440337,1.694846418,0.713256001,1.507730412,3.414164961,0.821961158
169,0.559972369,0.358876515,1,0.574899556,0,0.007812128,0,0.646693486,0.796458355,1.695005607,0.59,1.507730412,3.379752513,0.821100853
170,0.559972369,0.003880999,1,0,0,1,0,0.646693486,0.792609595,1.694846418,0.713446093,1.507512538,3.213051785,0.825387069
171,0.122444603,0.163704541,0.999019977,0,0,0.992660596,0,0.804646659,0.758985958,1.701864818,0.71441618,1.509818549,3.232174776,0.840914955
172,0,0.162174181,0.071534444,0.425100444,0,0,0,0.803775499,0.758720146,1.705681204,0.713446093,1.507730412,3.412257755,0.844657817
173,0,0.162710246,0.99471847,0.122488716,0,0,0,0.803775499,0.763853672,1.618289624,0.655287709,1.507730412,3.411551396,0.844657817
174,0.005522792,0.396766801,1,1,0.416520293,1,0.430407061,0.705066132,0.70429929,1.697483301,0.59,1.453859678,3.357357352,0.763609905
175,0,0,0.08844637,0,1,0,0.563833323,0.803775499,0.797016429,1.705211691,0.713278329,1.453859678,3.41256081,0.843662756
176,0,0.986623098,1,0,1,0,0.411355971,0.803775499,0.688785887,1.59,0.713349372,1.454639088,3.411084285,0.840410554
177,0,0.915048881,0.464356101,0,1,0,0,0.803775499,0.68990591,1.61239459,0.713446093,1.456946249,3.411480782,0.839710054
178,0,0,0,0,0,0,0.003951259,0.800575496,0.796814538,1.780077009,0.713425266,1.507375041,3.420569604,0.839409884
179,0,0,0,0,0,0,0.45241142,0.803388259,0.797016429,1.807661877,0.728300871,1.497738495,3.463919399,0.702742314
180,0,0,0,0.570679519,1,0,0.038876835,0.803775499,0.793433992,1.808275833,0.589681074,1.453859678,3.462624545,0.793888146
181,0,1,0.010257849,0.574242489,1,0,0.827645788,0.802183495,0.389423734,1.783102721,0.59241964,1.450682692,3.455949916,0.757354942
182,0,0.013023246,1,0,1,0,0.966246573,0.803775499,0.774411306,1.669958978,0.725711545,1.454233783,3.462985484,0.75685035
183,1,0.996056526,1,0.859020597,1,0.003239765,0.427371978,0.5,0.684879437,1.669959198,0.59,1.453859678,3.446489321,0.758436603
184,1,0.995945241,0.997534641,0,1,1,0.454740609,0.589959509,0.688887332,1.676443899,0.728312842,1.454706339,3.332899669,0.746156611
185,1,0,0.373060069,0.477789299,1,1,0.631188958,0.589891707,0.796007951,1.808275833,0.727883376,1.435828616,3.332155226,0.745676522
186,1,0,0.641442261,0.615369188,0.520913318,0.548026276,0.477490993,0.601937869,0.796917847,1.59,0.59,1.36,3.332155226,0.740821142
187,0.952512733,0,0,0.454762555,1,1,0.963843337,0.729085813,0.797282041,1.808275833,0.728471532,1.36,3.332462606,0.737734441
188,0.236423783,0,0,0,1,0.978335666,0.954547173,0.728880737,0.798613866,1.808275833,0.728471532,1.36,3.350144611,0.739025778
189,0.258608985,0,0,0,1,0,0.428963309,0.735078415,0.798679904,1.808565228,0.728203876,1.36,3.463180625,0.81943296
190,0.030931903,0,0,0.712850828,1,0,0.047901563,0.789917173,0.795412401,1.808275833,0.59,1.36,3.460896711,0.752958509
191,0.964133656,0,0,0.869400465,0.985625021,0,0.697010277,0.747828982,0.794610993,1.808275833,0.599481884,1.372075013,3.462874805,0.675767668
192,0.949552972,0.96967676,0,0,0,0,0.735900926,0.747828982,0.694007978,1.803031556,0.7231656,1.442798016,3.446959937,0.657874034
193,0.76098192,0,0.024129799,0,0,0,0.758775663,0.751465889,0.798086053,1.74105019,0.723082852,1.450524519,3.383951792,0.650065771
194,0.005791222,0,0.71989863,0,0,0,0.808263131,0.80307768,0.818714013,1.674422356,0.722660025,1.450886928,3.381572417,0.636430997
195,0.931035682,0.980592818,0.681357093,0,0,1,0.023244223,0.747345996,0.748938589,1.675084027,0.722758161,1.450884216,3.147264768,0.759309995
196,0.964133656,0.973732141,0.692597761,0,0,1,0,0.747866458,0.750004725,1.675191141,0.723082852,1.450878605,3.147813884,0.751256721
197,0.88812531,0.972018919,0.686445727,0,0,1,0.102759746,0.758610569,0.722935043,1.690251832,0.722534221,1.450878605,3.147813884,0.652006957
198,0.005693745,0.914405583,0.079814098,0,0,0.992977227,0.881642809,0.803801878,0.749533356,1.770707529,0.723082852,1.450878605,3.193860826,0.59
199,0,0.914405583,0.159216873,0,0,0,0.881642809,0.81932747,0.750004725,1.754515233,0.723082852,1.450878605,3.370131375,0.59
200,0,0.016079413,0.075210821,0,0.969968673,0,0.881642809,0.81932747,0.81774597,1.770707529,0.723082852,1.29,3.337254523,0.589905294
201,0,0,0.075210821,0,1,0,0,0.81932747,0.814415818,1.770707529,0.723044205,1.29,3.359387348,0.728457962
202,0,0.008982937,0.075210821,0.818171126,1,0,0,0.81932747,0.724178373,1.770707529,0.646508602,1.316881199,3.336187393,0.728627895
203,0,1,0.0763037,0.831916114,0,0,0,0.81932747,0.65156952,1.769244599,0.652325718,1.447778236,3.399467003,0.728627895
204,0,1,0.970179958,0,0,0,0.021199256,0.780474148,0.652895495,1.59,0.722788643,1.448861432,3.398043549,0.676136317
205,0.996248154,0,0.04985385,0,0,0,1,0.738519448,0.685985213,1.769146581,0.724281047,1.419640583,3.393744884,0.627081051
206,0.996248154,0,0.010552928,0,0.673626155,0,1,0.738519448,0.685922105,1.769580751,0.745578515,1.37681644,3.389722233,0.627081051
207,0.996248154,0,0.010552928,0,0.673626155,0,0.99628691,0.743871775,0.686319397,1.769580751,0.824263329,1.37681644,3.383297851,0.641999892
208,0,1,0.010552928,0,0.673626155,0,0,0.820009083,0.664376046,1.769580751,0.82414832,1.37681644,3.383751587,0.730260477
209,0,1,0.010552928,0,0.673626155,0,0.026256996,0.820049909,0.669571721,1.769580751,0.824263329,1.383284166,3.3868273,0.678657533
210,0,0,0.010552928,0,0.341526723,0.372845373,0.976478854,0.820049909,0.818900195,1.769580751,0.824263329,1.446679751,3.234555481,0.629789172
212,0,0.003307916,0.010552928,0.014767108,0.341526723,0,0.976478854,0.820049909,0.781978094,1.769580751,0.823645618,1.446679751,3.38479852,0.63060046
213,0.498802932,0.991915104,0.01070033,0,0.341526723,0,0.976478854,0.783218591,0.747888574,1.76909358,0.824263329,1.446321484,3.385916895,0.638699853
214,0.508526099,0.991915104,0.010552928,0,0.33239131,0,0,0.785038454,0.747888574,1.769580751,0.824129058,1.446679751,3.386565847,0.732449579
215,0.022804498,0.991915104,0.010552928,0,0.664998972,0,0,0.843817831,0.747884304,1.769580751,0.850672218,1.389506834,3.385318447,0.735194631
216,0,0.991874378,0.03147616,0,0.315614823,0,0.007869491,0.919841553,0.747682231,1.71710109,0.924028147,1.471510907,3.384316729,0.715133583
217,0,0.991874378,0.963046109,0.04506942,0,0,0.985115653,0.919643876,0.747682231,1.63773455,0.759203273,1.54865865,3.385329457,0.677331547
218,0,0.99194755,0.970532224,0.282021272,0,0,1,0.91912102,0.747325266,1.637975408,0.917077198,1.550379046,3.388087522,0.67621937
220,0.231198128,0.823468738,0.010495046,0,1,0,0,0.887060485,0.763634272,1.770288876,0.922758126,1.39,3.384226011,0.746346624
221,0.231198128,0.319521987,0.026146824,0,1,0,0.008428914,0.886716004,0.813632098,1.695602663,0.922758126,1.39,3.384500934,0.720632555
222,0.231198128,0.634574242,0.970532224,0,1,0,1,0.890252008,0.746411493,1.59,0.922758126,1.39,3.385157992,0.679926599
223,0,0.412669409,0.970532224,0,1,0,0,0.918997862,0.811827258,1.59,0.922758126,1.405196724,3.384995259,0.746164248
224,0,0,0.974850555,0,0,0,0,0.918997862,0.817032288,1.59,0.922758126,1.550379046,3.385866437,0.746235132
225,0,0,0.125510352,0.014391605,0,0,0,0.918997862,0.816550968,1.764687599,0.500393431,1.550379046,3.383143154,0.746079414
226,0.770815384,0,0.010428265,0.585596791,0,0,0,0.689937571,0.817032288,1.77041361,0.813372009,1.550379046,3.385064264,0.746495802
227,1,0,0.008876913,0,0,0.004386864,0,0.705270628,0.817032288,1.711391781,0.910859324,1.550427291,3.344712413,0.747725534
228,0,0,1,0,0,1,0,0.91912102,0.817032288,1.586838304,0.910168316,1.550688531,3.236047934,0.747725534
229,0,0,1,0,0,1,0,0.919017727,0.817032288,1.586848737,0.915222968,1.550428678,3.236047934,0.747182428
230,0,0,1,0,0,1,0.725042209,0.919276609,0.817148878,1.586838304,0.917879634,1.550311835,3.235781597,0.659881691
231,0,0.265476359,1,0,0,1,0.931923565,0.918899565,0.776931654,1.586838304,0.920546332,1.550688531,3.235207103,0.680690443
232,0,0,1,0,0,1,0.725042209,0.919276609,0.817148878,1.586838304,0.917879634,1.550311835,3.235781597,0.659881691
233,0,0.265476359,1,0,0,1,0.931923565,0.918899565,0.776931654,1.586838304,0.920546332,1.550688531,3.235207103,0.680690443
234,0.668469098,0.408922234,0.998074945,0.668867676,0.680214076,1,0.886585389,0.884236026,0.831097049,1.770826929,0.920832068,1.45,3.33189537,0.5
235,0.78031641,0,0.880735879,0.957900227,0.680214076,1,0.99305697,0.884342131,0.890793707,1.500668064,0.660330773,1.45,3.220206682,0.537860099
236,0.73146613,0,0.111552453,0.394449085,0.682259676,1,0,0.660734285,0.891496258,1.766725846,0.904575233,1.45,3.220188271,0.746171528
237,0.394010328,0.892477863,0,0,0.680214076,1,0,0.876386515,0.690029954,1.770826929,0.918677478,1.45995875,3.22098377,0.745383455
238,0,0.551442776,0,0,0,1,0,0.886651996,0.875611156,1.77022216,0.916647848,1.550690218,3.22098377,0.745383455
239,0.633042106,0.049848057,0,0,0,1,0,0.737753251,0.891496258,1.770826929,0.921638174,1.550688531,3.222879951,0.741508975
240,0.434784117,0.049848057,0,0,0,0.988235304,0,0.875274142,0.890019595,1.785904629,0.905952522,1.528394785,3.248531756,0.734361877
241,0,0.049848057,0,0,0,0,0,0.876775196,0.88916967,1.818309388,0.891028886,1.512232375,3.38338803,0.733304335
242,0,0.049848057,0,0,0,0,0.709958243,0.880820618,0.785134857,1.818239593,0.891411943,1.511350619,3.386970499,0.580375366
243,0,0.989733357,0,0,0,0,0.953835625,0.879205607,0.69,1.817503979,0.890443036,1.51081928,3.387831694,0.619354258
244,0,0.989733357,0,0,0,0,0,0.880209586,0.69,1.817503979,0.885164524,1.51081928,3.383402509,0.733725023
245,0,0.989733357,0,0,0,0,0,0.887270844,0.700618483,1.817503979,0.882630706,1.51081928,3.383376312,0.733909242
246,0,0.049848057,0,0,0,0,0,0.887270844,0.88916967,1.817503979,0.888367005,1.510882326,3.382908021,0.733426644
247,0,0.049848057,0.026390221,0,0,0,0,0.887270844,0.88916967,1.732952942,0.890443036,1.484066835,3.426231407,0.733426644
248,0,0.739497179,1,0.000503985,1,0,0,0.887213662,0.74412402,1.614273665,0.880410108,1.441752698,3.511792923,0.732458561
249,0,0.537537407,1,0.003102431,1,0,0,0.887270844,0.879492098,1.614273665,0.888116438,1.441752698,3.511722116,0.733167516
250,0,0.049848057,1,0.770116683,1,0,0,0.887178411,0.88916967,1.614273665,0.501512039,1.446623657,3.511722116,0.733426644
251,0,0.049848057,0.162000445,0.507393775,0,0,0,0.887270844,0.88916967,1.815098178,0.864032236,1.509013921,3.511722116,0.733426644
252,0.629764671,0.050965274,0,0,0,0,0,0.741326025,0.827038026,1.817035765,0.888225942,1.509013921,3.513335061,0.732260436
253,0.440496079,0.989733357,0,0,0,0,0,0.877696281,0.746250061,1.816798896,0.888225942,1.508820746,3.516690717,0.732937047
254,0,0.989733357,0,0,0,0,0.050401838,0.887270844,0.746250061,1.816798896,0.888225942,1.484524892,3.516869605,0.720491792
255,0.734431894,0.989733357,0,0,1,0,0.921253814,0.709872187,0.722320035,1.816798896,0.390079142,1.441752698,3.516869605,0.69148632
256,0.936843691,0.991106778,0.015131968,0.003783952,1,0.003958914,0.919306823,0.718566881,0.726923326,1.729880067,0.728004104,1.441752698,3.455635302,0.694802122
257,0.466929534,1,1,0,1,1,0.918099725,0.875635201,0.638587537,1.59,0.84974194,1.441730378,3.314047579,0.693952959
258,0.578821473,0.586318995,1,0.049209769,1,1,0.848937149,0.779446289,0.86341463,1.59,0.851554013,1.441752698,3.314116358,0.702804048
259,0.437561461,0,1,0.046787423,1,1,0.850430019,0.843086416,0.883804677,1.59,0.868669465,1.440558546,3.313778735,0.588904504
260,1,0,1,0,1,1,0.319916937,0.73345618,0.880608435,1.59,0.880501854,1.439561694,3.312515243,0.72087718
261,1,0,0.982675128,0,1,0.991196776,0,0.751452518,0.880461,1.621975178,0.881957668,1.439592878,3.362648272,0.730598695
266,0,0,0,0,1,0,0,0.882905814,0.880608435,1.814799967,0.882060999,1.443206292,3.456255912,0.73072463
267,0,0.017712535,0,0,0,1,0,0.882048611,0.877552462,1.814722149,0.881678345,1.505484305,3.311629818,0.729943965
268,0.66670912,0.017712535,0,0,0,1,0,0.736181873,0.876153688,1.813978626,0.880317481,1.505146822,3.344527285,0.728079607
269,0.401118607,0,0,0,0,0,0.837526525,0.85248943,0.87858684,1.813978626,0.880317481,1.504976075,3.509916237,0.635664413
270,0.922364273,0.824141713,0,0,0,0,0.313225338,0.821459166,0.660288806,1.813978626,0.880317481,1.504879665,3.509656937,0.699284192
271,0.922364273,0.412101454,0,0,0,0,0.910546907,0.825093663,0.865097518,1.819267485,0.880788022,1.505146822,3.51049814,0.661083023
272,0,0,0,0.828797908,0,0,0.910546907,0.882032285,0.883368167,1.845614963,0.59,1.505146822,3.51049814,0.661083023
273,0.757572231,0.020909283,0.014712277,0.511674845,0.003226243,0,0.910546907,0.72407656,0.860944181,1.820502113,0.847175059,1.483989864,3.469911338,0.661083023
274,0.429864152,0.922172765,1,0.014782348,0.938422155,1,0.910546907,0.874290639,0.824399659,1.773447727,0.852883335,1.434245988,3.36728384,0.661083023
275,0,0.922172765,1,0.920579399,0.938422155,1,0.910546907,0.882032285,0.823864158,1.773447727,0.820886601,1.434245988,3.367817352,0.661083023
276,0,0.917260123,1,0.920579399,0.938271358,1,0.910546907,0.882032285,0.828645267,1.773447727,0.820863166,1.434112046,3.36774093,0.661083023
277,0.68777659,0,1,0.920579399,0.938271358,1,0.910546907,0.745204108,0.882699598,1.773216557,0.821095371,1.434112046,3.367597579,0.661083023
280,0,0,1,1,0.938222847,1,0.90996642,0.882032285,0.882694774,1.773447727,0.713309869,1.43406896,3.367757828,0.660899386
281,0.698880191,0,1,1,0.938173837,1,0.182534557,0.686002114,0.87650529,1.773447727,0.712689115,1.434263136,3.367733034,0.726140839
282,0.001728181,0.013206431,0.08245664,1,0.938173837,0.093696032,0,0.851045288,0.852998792,1.844522796,0.689919051,1.436920434,3.510355716,0.728417893
283,0.922364273,0.861732314,0.027761209,0.383032424,0,0,0.002163067,0.820172295,0.813501159,1.814900425,0.846368107,1.50508974,3.509943955,0.704367865
286,0.93114451,0.919947302,0.517460748,0,0,0,0,0.814728333,0.689655827,1.695187694,0.817994095,1.50668368,3.50864492,0.728160561
287,0.356343699,0.538058614,0,0,0,0,0,0.685808403,0.855031226,1.828148348,0.872492236,1.50546592,3.508079289,0.727898615
288,0.248340996,0,0,0.01595507,0,0,0.879952587,0.798376536,0.870754141,1.831581485,0.765335924,1.50546592,3.509519246,0.500041843
289,0.93114451,0,0,1,0.003674058,0,0.16155362,0.718261175,0.877224565,1.812546163,0.690885107,1.439137932,3.512904259,0.681072421
290,0,0,0,1,1,0,0.907938018,0.631688788,0.877224565,1.811623759,0.691531429,1.333339551,3.512783456,0.623934459
291,0.016642158,0.008485347,0,0.994591203,1,0,0.907938018,0.629451276,0.834688925,1.828997887,0.719221027,1.333339551,3.512177583,0.623903439
292,0.016642158,1,0,0,1,0,0.903535687,0.671591693,0.764337213,1.828675235,0.877932004,1.333339551,3.511514954,0.656460531
293,0.793480356,1,0,0,1,0,0.628905328,0.66082682,0.774754419,1.829638216,0.878530869,1.347015104,3.51197853,0.652311081
294,0.371182033,0,0,0.922565369,0,0,0.723723973,0.873105739,0.884692713,1.829638216,0.660164729,1.505192036,3.512578769,0.673202157
295,0.757463449,0.002239088,0,0.459653033,0,0,0,0.660822847,0.867342453,1.823924408,0.857572201,1.50546592,3.512859101,0.728680329
296,0.412804782,0.768499516,0,0,0.014192912,0,0,0.872597453,0.715304949,1.829638216,0.882424655,1.343948319,3.495005546,0.728680329
297,0,0,0,0,1,0.842674103,0,0.882906805,0.612235718,1.829638216,0.882424655,1.221795571,3.466012131,0.728680329
298,0,0,0.035566981,0.009084685,1,0.842364321,0.629759353,0.875767893,0.649077965,1.809376808,0.856893284,1.2723978,3.466023979,0.65293902
299,0.185631446,0.648949757,0.830598732,0.784927805,0.829153181,0.840292763,0.222459601,0.866330402,0.781042541,1.779607623,0.833237054,1.442500343,3.471370613,0.724317864
300,0.185631446,0.811775164,0.830598732,0.784927805,0.829153181,0.013987499,0,0.868604101,0.788678097,1.779607623,0.83262954,1.44734811,3.495227983,0.729981178
301,0.756248342,0.808602333,0.830598732,0.784927805,0.009078443,0.829069857,0,0.660432061,0.817281851,1.779607623,0.833030045,1.480672796,3.46644072,0.732227407
302,0.501265805,0.809995726,0.826059209,0.783124894,0.829153181,0.82389484,0,0.873408424,0.78071079,1.783607882,0.837258614,1.447673509,3.470428237,0.732227407
303,0,0.811440654,0,0,0.829153181,0,0,0.885741402,0.780889786,1.829638216,0.882424655,1.45328015,3.512959113,0.732227407
304,0.691943914,0.374805502,0,0,0.829153181,0,0,0.640664192,0.878626085,1.829638216,0.882424655,1.458573459,3.512828316,0.732227407
305,0.540528226,0.51080574,0,0,0,0,0,0.860615636,0.660430193,1.771172242,0.882424655,1.512335159,3.476532545,0.732227407
306,0.783301199,0,0,0,0,0,0.941798176,0.852329849,0.867632565,1.696391315,0.882424655,1.512335159,3.418236593,0.599421663
307,1,0,0,0,0,0,0,0.59,0.884411827,1.696391315,0.883059405,1.512412758,3.418610708,0.714738841
308,0.009179839,0,0.762198657,0.775385823,0,0,0,0.86717094,0.886652081,1.667678369,0.85463165,1.513161534,3.418033357,0.732227407
309,1,0,0.809890444,0.770147628,0,0,0,0.689785946,0.885753556,1.654615177,0.84823366,1.513067918,3.418722725,0.732369434
310,0.053273657,0.938640208,0,0,0,0,0,0.875043202,0.69,1.696391315,0.883864546,1.513067918,3.418610708,0.732006935
311,1,0.880971534,0,0,0.953887719,0,0,0.593032933,0.740068326,1.696413809,0.884763366,1.388265327,3.418890384,0.732227407
312,1,0,0,0,0,0,0,0.59,0.877636897,1.696193917,0.884763366,1.503586726,3.420422301,0.732227407
313,1,0.80136273,0.839786924,0.804269644,0,0.570071369,0.939908144,0.59,0.840724817,1.643273828,0.836257942,1.515070896,3.406232693,0.590739688
318,0.791159126,0,0,0,0,0.829055361,0,0.853528319,0.887581858,1.696391315,0.885958583,1.514019081,3.381412837,0.732227407
319,0,0,0,0,0,0,0,0.88652765,0.887581858,1.696391315,0.885958583,1.514104837,3.41870579,0.732227407
320,0,0,0.731372399,0.763711083,0,0,0,0.886593189,0.887581858,1.671992755,0.860625354,1.514019081,3.420015325,0.732227407
321,0,0.787309539,0.83371432,0.790975815,0.797477995,0,0,0.886593189,0.860268235,1.650976292,0.84300555,1.476826644,3.418079421,0.732227407
322,0.791159126,0.791505611,0.832314182,0.792451879,0.821414802,0,0,0.784714945,0.842691117,1.650976292,0.84300555,1.442056117,3.419699969,0.732227407
323,0,0.791889708,0.815790926,0.790178455,0.828494357,0,0,0.882923827,0.842691117,1.65854454,0.84300555,1.442056117,3.418912694,0.732227407
324,0,0.791889708,0,0.765149355,0.828494357,0,0,0.886593189,0.842691117,1.695731329,0.852045126,1.442056117,3.418598088,0.732227407
325,0,0.791889708,0,0,0.824442722,0.753070432,0,0.886844822,0.843367652,1.696559688,0.886457571,1.458745464,3.398861054,0.732358359
326,0.294517178,0.762969557,0,0,0,0.781968371,0,0.864737557,0.849877021,1.697155417,0.886773767,1.514913406,3.379461878,0.732982326
327,0.294517178,0.855040736,0,0,0.743175392,0.7864835,0,0.868951634,0.747832565,1.697349896,0.886773767,1.473019394,3.384764329,0.732982326
328,0,0.855040736,0,0,0.789275244,0.774891997,0,0.88695211,0.747693889,1.697349896,0.886773767,1.439184661,3.379643352,0.732982326
329,0,0,0,0,0.788916898,0,0,0.888068026,0.883257968,1.697349896,0.886773767,1.439184661,3.419796617,0.732982326
330,0,0,0.910713353,0.954781254,0.783670142,0,0,0.887684329,0.888851328,1.499830456,0.425081609,1.451114999,3.421091207,0.732661536
331,0,0,0,0,0,0,0.730191318,0.887741298,0.888851328,1.691852267,0.750126137,1.514215306,3.420268887,0.677567224
372,0.010520887,0.79201167,0,0,0,0,0,0.887032926,0.84479297,1.690842639,0.885999802,1.51547061,3.419422299,0.78377138
373,0.808284236,0.808256607,0,0,0,0,0,0.780409852,0.8460721,1.693601308,0.887393028,1.515645831,3.420431499,0.800167056
374,0,0.807012954,0.000706456,0.000172864,0,0,0,0.907265013,0.852345088,1.69130753,0.913439002,1.52044658,3.428728785,0.85940824
375,0,0.000109902,0,0,0,0,0,0.971449751,0.898245873,1.697437189,0.992343065,1.520347964,3.429091074,0.85940824
376,0,0.000109902,0,0,0.674181378,0.661730146,0,0.971310302,0.898245873,1.696176646,0.992343065,1.482292136,3.348579355,0.85940824
377,0,0.000109902,0,0,0.843326843,0.841224085,0,0.971449751,0.898245873,1.698878013,0.990416421,1.425178005,3.180795241,0.85940824
378,0,0.000109902,0,0,0.847433304,0.832418134,0,0.971080289,0.898245873,1.69787197,0.991452616,1.425154564,3.230910309,0.859427525
379,0,0.00011122,0,0,0.843326843,0.841224085,0,0.971456135,0.898798344,1.69831841,0.989762441,1.425178005,3.429091074,0.859433765
380,0,0.000109902,0,0,0.846308201,0.840903175,0,0.971037833,0.897862516,1.699148542,0.99245701,1.42512661,3.429170537,0.859433765
381,0,0.00011122,0,0,0.83736791,0.841224085,0,0.971504768,0.899630409,1.699613986,0.99245701,1.450909546,3.429091074,0.859433765
382,0,0.00011122,0,0,0,0.834935508,0,0.971504768,0.899630409,1.700236954,0.990137159,1.519919103,3.429573706,0.859433765
383,0,0.000109902,0,0,0,0.829992216,0,0.971504768,0.898245873,1.700465391,0.991568415,1.52044658,3.429091074,0.859433765
388,0,0,0.845835397,1,0,0,0,0.957509269,0.889002724,1.587031851,0.687745988,1.519740475,3.412511248,0.859433765
389,0.192153751,0,0,0,0,0,0,0.790202123,0.898020136,1.69364053,0.874712891,1.519919103,3.391202751,0.859433765
390,0.003627049,0,0,0,0,0.752876248,0.999502667,0.940588276,0.896282366,1.692407239,0.948746787,1.519854292,3.365329492,0.69
391,1,0,0,0,0,1,0,0.62146862,0.899697301,1.692986652,0.915358642,1.520248199,3.319612944,0.84024776
394,0.959257597,0.029555636,0,0,0,0.997960325,0,0.867359228,0.889999757,1.684911098,0.91212763,1.519790041,3.319612944,0.859433765
395,0,0.029555636,0,0,0,0.994591915,0,0.95138942,0.889999757,1.691425695,0.920773334,1.520006427,3.322039313,0.859433765
396,0,0.470597489,0,0,0,0,0,0.957442213,0.875227739,1.693030822,0.92034435,1.519919103,3.393017702,0.859433765
397,0,0.758997406,0,0,0,0,0,0.957523498,0.863321817,1.69317421,0.920773334,1.51901331,3.393648249,0.859433765
398,0,0.758997406,0,0,0,0,0,0.957442213,0.864067956,1.693108765,0.920773334,1.519740475,3.393431579,0.859433765
